City_ID,City,Country,Date,Lat,Lng,Max Temp,Humidity,Cloudiness,Wind Speed
0,Avarua,CK,2021-07-25 05:12:06,-21.2078,-159.775,75.25,73,20,6.91
1,Dunedin,NZ,2021-07-25 05:12:07,-45.8742,170.5036,48.79,54,100,14.0
2,Bethel,US,2021-07-25 05:12:07,41.3712,-73.414,73.51,80,40,4.61
3,Alofi,NU,2021-07-25 05:12:08,-19.0595,-169.9187,77.81,79,19,9.69
4,Araguacu,BR,2021-07-25 05:12:08,-12.9306,-49.8264,69.66,40,0,5.59
5,Chumikan,RU,2021-07-25 05:12:08,54.7183,135.315,60.87,97,98,0.85
6,Gao,ML,2021-07-25 05:12:09,16.6362,1.637,77.31,67,52,8.3
7,Valdosta,US,2021-07-25 05:12:09,30.8327,-83.2785,75.29,88,1,0.0
8,Fredericksburg,US,2021-07-25 05:08:57,38.3032,-77.4605,76.39,78,71,4.0
9,Castro,BR,2021-07-25 05:12:09,-24.7911,-50.0119,50.5,69,0,4.14
10,Tuktoyaktuk,CA,2021-07-25 05:12:10,69.4541,-133.0374,56.3,50,85,14.0
11,Carnarvon,AU,2021-07-25 05:12:10,-24.8667,113.6333,75.27,49,47,6.91
12,Sitka,US,2021-07-25 05:12:11,57.0531,-135.33,55.29,82,75,0.0
13,Fortuna,US,2021-07-25 05:12:11,40.5982,-124.1573,56.93,92,90,4.61
14,Tiksi,RU,2021-07-25 05:11:20,71.6872,128.8694,45.86,74,83,5.32
15,New Norfolk,AU,2021-07-25 05:12:11,-42.7826,147.0587,43.66,57,71,11.68
16,Daru,PG,2021-07-25 05:12:12,-9.0763,143.2092,78.13,88,98,15.32
17,Airai,TL,2021-07-25 05:12:12,-8.9266,125.4092,78.03,24,12,3.89
18,Barrow,US,2021-07-25 05:12:13,71.2906,-156.7887,44.62,76,90,6.91
19,Rikitea,PF,2021-07-25 05:12:13,-23.1203,-134.9692,69.78,56,0,0.92
20,West Wendover,US,2021-07-25 05:12:13,40.7391,-114.0733,88.81,12,1,13.8
21,Bluff,NZ,2021-07-25 05:12:14,-46.6,168.3333,51.8,76,100,11.92
22,Alyangula,AU,2021-07-25 05:12:14,-13.8483,136.4192,79.16,70,18,9.75
23,Punta Arenas,CL,2021-07-25 05:09:58,-53.15,-70.9167,35.71,87,75,14.97
24,Jaciara,BR,2021-07-25 05:12:15,-15.9653,-54.9683,67.42,52,0,2.51
25,Hobart,AU,2021-07-25 05:12:15,-42.8794,147.3294,44.02,78,75,1.01
26,Zhigansk,RU,2021-07-25 05:12:15,66.7697,123.3711,69.4,41,25,14.12
27,Barabai,ID,2021-07-25 05:12:16,-2.5833,115.3833,93.24,35,8,0.56
28,Half Moon Bay,US,2021-07-25 05:12:11,37.4636,-122.4286,70.03,84,1,1.01
29,Ushuaia,AR,2021-07-25 05:09:35,-54.8,-68.3,38.86,70,40,4.61
30,Atuona,PF,2021-07-25 05:12:17,-9.8,-139.0333,78.73,67,36,19.06
31,Farmington,US,2021-07-25 05:09:20,36.7281,-108.2187,70.11,73,75,3.44
32,Tokur,RU,2021-07-25 05:12:17,53.1333,132.9,70.84,75,88,9.22
33,Port Alfred,ZA,2021-07-25 05:12:17,-33.5906,26.891,53.71,35,4,9.98
34,Itarema,BR,2021-07-25 05:12:18,-2.9248,-39.9167,75.43,86,4,11.88
35,Busselton,AU,2021-07-25 05:12:18,-33.65,115.3333,65.05,66,56,20.24
36,Narsaq,GL,2021-07-25 05:12:19,60.9167,-46.05,43.02,74,81,5.73
37,Albany,US,2021-07-25 05:07:47,42.6001,-73.9662,71.67,71,100,3.0
38,Muli,MV,2021-07-25 05:12:19,2.9167,73.5667,82.49,74,86,6.2
39,Taoudenni,ML,2021-07-25 05:12:20,22.6783,-3.9836,93.69,8,2,9.66
40,Imbituva,BR,2021-07-25 05:12:20,-25.23,-50.6044,49.96,80,0,1.28
41,Pombas,CV,2021-07-25 05:12:21,17.1503,-25.0201,69.58,77,37,6.6
42,Vardo,NO,2021-07-25 05:12:21,70.3705,31.1107,46.33,83,97,22.86
43,Hasaki,JP,2021-07-25 05:12:21,35.7333,140.8333,93.29,74,30,11.63
44,Ambilobe,MG,2021-07-25 05:12:22,-13.2,49.05,71.2,59,82,2.26
45,Srednekolymsk,RU,2021-07-25 05:12:22,67.45,153.6833,64.85,39,100,13.91
46,Georgetown,MY,2021-07-25 05:12:23,5.4112,100.3354,91.33,58,20,10.36
47,Saint-Philippe,RE,2021-07-25 05:12:23,-21.3585,55.7679,71.15,71,40,8.3
48,Dingle,PH,2021-07-25 05:12:23,10.9995,122.6711,88.12,63,74,17.74
49,Qaanaaq,GL,2021-07-25 05:12:24,77.484,-69.3632,37.35,69,100,3.85
50,Tokmak,UA,2021-07-25 05:12:24,47.2514,35.7058,74.48,53,6,8.37
51,Hermanus,ZA,2021-07-25 05:11:21,-34.4187,19.2345,49.89,47,100,7.0
52,Cabra,ES,2021-07-25 05:12:25,37.4725,-4.4421,71.91,54,1,3.27
53,Hirara,JP,2021-07-25 05:12:25,24.8,125.2833,83.97,83,96,22.75
54,Chilca,PE,2021-07-25 05:12:25,-12.5211,-76.7372,62.76,87,96,8.79
55,Comodoro Rivadavia,AR,2021-07-25 05:12:26,-45.8667,-67.5,45.1,46,100,6.82
56,Khatanga,RU,2021-07-25 05:12:26,71.9667,102.5,63.46,46,50,21.05
57,Jamestown,US,2021-07-25 05:12:02,42.097,-79.2353,73.36,82,90,7.0
58,Kruisfontein,ZA,2021-07-25 05:12:27,-34.0033,24.7314,42.89,33,12,8.88
59,Cherskiy,RU,2021-07-25 05:12:27,68.75,161.3,58.23,51,55,11.32
60,Chuy,UY,2021-07-25 05:12:27,-33.6971,-53.4616,56.66,83,99,3.87
61,Dzerzhinsk,RU,2021-07-25 05:12:28,56.2389,43.4631,61.45,82,20,2.24
62,Vaini,TO,2021-07-25 05:12:28,-21.2,-175.2,77.16,94,75,6.91
63,Bredasdorp,ZA,2021-07-25 05:12:28,-34.5322,20.0403,47.52,49,99,3.51
64,Bluefield,US,2021-07-25 05:12:29,37.2698,-81.2223,70.36,87,40,3.44
65,Provideniya,RU,2021-07-25 05:12:29,64.3833,-173.3,47.34,99,100,12.03
66,Margate,GB,2021-07-25 05:08:35,51.3813,1.3862,64.69,93,95,4.85
67,Aquitania,CO,2021-07-25 05:12:30,5.5197,-72.8875,47.03,95,100,1.21
68,Ubala,CO,2021-07-25 05:12:30,4.7478,-72.5369,73.08,91,100,2.42
69,Dikson,RU,2021-07-25 05:12:30,73.5069,80.5464,36.88,97,92,7.31
70,Nikolskoye,RU,2021-07-25 05:12:31,59.7035,30.7861,64.02,53,100,6.62
71,Ancud,CL,2021-07-25 05:12:31,-41.8697,-73.8203,40.53,82,100,2.82
72,Thompson,CA,2021-07-25 05:12:31,55.7435,-97.8558,58.96,88,100,6.93
73,Tucson,US,2021-07-25 05:08:30,32.2217,-110.9265,75.99,86,90,1.01
74,Victoria,HK,2021-07-25 05:10:52,22.2855,114.1577,91.33,76,51,1.99
75,Mataura,NZ,2021-07-25 05:12:32,-46.1927,168.8643,51.48,89,97,3.15
76,Mount Isa,AU,2021-07-25 05:12:33,-20.7333,139.5,73.17,17,9,9.22
77,Upernavik,GL,2021-07-25 05:12:33,72.7868,-56.1549,39.31,85,10,3.98
78,Cayenne,GF,2021-07-25 05:12:33,4.9333,-52.3333,75.24,91,0,0.0
79,Severodvinsk,RU,2021-07-25 05:12:34,64.5635,39.8302,53.71,65,100,12.8
80,Alnashi,RU,2021-07-25 05:12:34,56.1874,52.4792,59.83,48,2,9.17
81,Severnyy,RU,2021-07-25 05:12:35,50.677,36.5532,64.44,68,0,4.47
82,Mount Gambier,AU,2021-07-25 05:12:35,-37.8333,140.7667,48.02,96,100,10.45
83,Ilulissat,GL,2021-07-25 05:12:35,69.2167,-51.1,39.22,93,75,3.44
84,Port Elizabeth,ZA,2021-07-25 05:12:36,-33.918,25.5701,45.1,44,10,11.52
85,Morant Bay,JM,2021-07-25 05:12:36,17.8815,-76.4093,80.22,83,73,2.46
86,Iqaluit,CA,2021-07-25 05:12:37,63.7506,-68.5145,49.69,81,100,11.99
87,Samarai,PG,2021-07-25 05:12:37,-10.6167,150.6667,79.99,82,98,15.35
88,Lagoa,PT,2021-07-25 05:12:37,39.05,-27.9833,68.23,82,99,17.81
89,Ust-Tsilma,RU,2021-07-25 05:12:38,65.441,52.1498,47.53,95,100,8.97
90,Kapaa,US,2021-07-25 05:12:38,22.0752,-159.319,84.18,85,75,1.99
91,Hofn,IS,2021-07-25 05:12:38,64.2539,-15.2082,51.62,81,9,8.9
92,Tautira,PF,2021-07-25 05:12:39,-17.7333,-149.15,75.22,76,49,5.84
93,Broome,US,2021-07-25 05:12:39,42.2506,-75.833,73.6,67,75,1.99
94,Hithadhoo,MV,2021-07-25 05:12:40,-0.6,73.0833,82.45,77,89,11.61
95,Araceli,PH,2021-07-25 05:12:40,10.5529,119.9913,84.4,78,100,16.75
96,Constitucion,CL,2021-07-25 05:10:57,-35.3333,-72.4167,50.52,89,91,16.84
97,Cesme,TR,2021-07-25 05:12:41,38.3228,26.3064,76.71,61,0,16.11
98,Erenhot,CN,2021-07-25 05:12:41,43.6475,111.9767,67.69,84,100,17.52
99,Tarakan,ID,2021-07-25 05:12:42,3.3,117.6333,81.9,78,40,2.3
100,Cape Town,ZA,2021-07-25 05:11:40,-33.9258,18.4232,52.27,56,100,5.35
101,Cabo San Lucas,MX,2021-07-25 05:10:49,22.8909,-109.9124,84.81,77,51,5.99
102,Nantucket,US,2021-07-25 05:12:40,41.2835,-70.0995,71.1,89,1,9.22
103,San Patricio,US,2021-07-25 05:12:42,28.017,-97.5169,82.85,82,2,12.62
104,Hilo,US,2021-07-25 05:12:43,19.7297,-155.09,76.8,91,90,4.61
105,Najran,SA,2021-07-25 05:12:43,17.4924,44.1277,85.5,34,9,3.49
106,Dalianwan,CN,2021-07-25 05:12:44,39.0286,121.695,89.64,48,40,8.95
107,Nioro,GM,2021-07-25 05:12:44,13.35,-15.75,75.92,79,100,2.84
108,Atambua,ID,2021-07-25 05:12:44,-9.1061,124.8925,84.24,38,10,1.9
109,Dibulla,CO,2021-07-25 05:12:45,11.2725,-73.3091,77.63,87,96,4.43
110,Mezen,RU,2021-07-25 05:12:45,65.8522,44.24,48.16,94,100,9.22
111,Silchar,IN,2021-07-25 05:12:46,24.8167,92.8,87.03,72,100,3.2
112,Bathsheba,BB,2021-07-25 05:12:46,13.2167,-59.5167,81.21,83,75,6.91
113,Chitila,RO,2021-07-25 05:12:46,44.5081,25.9822,70.92,69,0,3.44
114,Gravdal,NO,2021-07-25 05:12:47,68.1214,13.5031,52.56,95,100,8.75
115,Arraial Do Cabo,BR,2021-07-25 05:12:47,-22.9661,-42.0278,69.01,76,0,25.86
116,Haines Junction,CA,2021-07-25 05:12:48,60.7522,-137.5108,55.62,59,100,5.88
117,Kaeo,NZ,2021-07-25 05:12:48,-35.1,173.7833,60.33,82,100,15.61
118,Shingu,JP,2021-07-25 05:12:48,33.7333,135.9833,83.91,66,100,7.81
119,Waverley,ZA,2021-07-25 05:12:49,-25.7023,28.2591,39.52,43,0,5.12
120,Inuvik,CA,2021-07-25 05:12:49,68.3499,-133.7218,63.52,56,85,6.98
121,Fukue,JP,2021-07-25 05:12:49,32.6881,128.8419,81.41,75,100,16.53
122,Port Said,EG,2021-07-25 05:12:50,31.2565,32.2841,79.5,76,6,7.36
123,Coahuayana,MX,2021-07-25 05:12:50,18.7333,-103.6833,79.59,90,80,1.32
124,Mlonggo,ID,2021-07-25 05:12:51,-6.5333,110.7,94.89,40,0,6.69
125,Nyurba,RU,2021-07-25 05:12:51,63.2842,118.3319,77.54,30,95,8.21
126,Nouakchott,MR,2021-07-25 05:12:52,18.0858,-15.9785,75.13,81,43,11.54
127,Piranhas,BR,2021-07-25 05:12:52,-16.4269,-51.8222,65.55,49,0,3.56
128,Yellowknife,CA,2021-07-25 05:12:52,62.456,-114.3525,53.56,62,66,5.95
129,West Bay,KY,2021-07-25 05:12:53,19.3667,-81.4167,82.0,85,91,2.48
130,Iwanai,JP,2021-07-25 05:12:53,42.9744,140.5089,86.72,58,14,4.07
131,Kloulklubed,PW,2021-07-25 05:12:53,7.0419,134.2556,84.67,76,100,15.23
132,Eureka,US,2021-07-25 05:11:40,40.8021,-124.1637,57.2,80,30,3.42
133,Bambous Virieux,MU,2021-07-25 05:12:54,-20.3428,57.7575,74.21,68,40,12.66
134,Port Lincoln,AU,2021-07-25 05:12:54,-34.7333,135.8667,59.04,75,32,25.52
135,Mae Ramat,TH,2021-07-25 05:12:55,16.984,98.5166,75.16,99,100,2.73
136,Isangel,VU,2021-07-25 05:12:55,-19.55,169.2667,78.71,77,30,2.89
137,Sao Joao Da Barra,BR,2021-07-25 05:12:55,-21.6403,-41.0511,67.24,77,0,10.89
138,Kodiak,US,2021-07-25 05:12:56,57.79,-152.4072,51.06,92,92,4.32
139,Lata,PT,2021-07-25 05:12:56,40.1629,-8.3327,62.92,93,22,0.85
140,Shenjiamen,CN,2021-07-25 05:12:56,29.9576,122.298,79.75,97,100,11.3
141,Aqtobe,KZ,2021-07-25 05:12:57,50.2797,57.2072,77.02,36,0,6.06
142,Inawashiro,JP,2021-07-25 05:12:57,37.5667,140.1167,84.52,49,5,6.17
143,Shakhovskaya,RU,2021-07-25 05:12:58,56.0283,35.5097,57.99,65,100,1.81
144,Ralivka,UA,2021-07-25 05:12:58,49.5005,23.2406,66.42,75,29,3.91
145,Krasnoselkup,RU,2021-07-25 05:12:58,65.7,82.4667,69.22,82,100,12.8
146,Wau,SS,2021-07-25 05:12:59,7.7029,27.9953,70.29,96,98,2.77
147,Grindavik,IS,2021-07-25 05:12:59,63.8424,-22.4338,48.56,100,75,10.36
148,Karpogory,RU,2021-07-25 05:12:59,64.0019,44.4451,54.05,60,93,7.58
149,At-Bashi,KG,2021-07-25 05:13:00,41.1702,75.8106,77.63,23,0,2.71
150,Bengkulu,ID,2021-07-25 05:13:00,-3.8004,102.2655,85.42,63,2,7.36
151,Havelock,US,2021-07-25 05:13:01,34.8791,-76.9013,78.94,83,45,4.9
152,Lebu,CL,2021-07-25 05:13:01,-37.6167,-73.65,50.59,92,99,23.2
153,Hamilton,US,2021-07-25 05:13:01,39.1834,-84.5333,78.75,81,1,5.75
154,Manono,CD,2021-07-25 05:13:02,-7.3,27.4167,68.43,56,4,10.4
155,Klaksvik,FO,2021-07-25 05:13:02,62.2266,-6.589,50.92,99,73,4.38
156,Chimbote,PE,2021-07-25 05:13:02,-9.0853,-78.5783,63.34,83,83,5.46
157,Oranjestad,AW,2021-07-25 05:13:03,12.524,-70.027,80.26,88,27,20.69
158,Buala,SB,2021-07-25 05:13:03,-8.145,159.5921,78.39,87,97,6.64
159,Port Blair,IN,2021-07-25 05:13:04,11.6667,92.75,83.89,79,100,18.88
160,Colares,PT,2021-07-25 05:13:04,38.7992,-9.4469,68.32,79,22,5.01
161,Mahebourg,MU,2021-07-25 05:13:05,-20.4081,57.7,74.25,68,40,12.66
162,Buraydah,SA,2021-07-25 05:11:47,26.326,43.975,97.27,12,8,6.55
163,Novopokrovka,UA,2021-07-25 05:13:05,49.8425,36.5477,71.98,57,23,7.05
164,Nakapiripirit,UG,2021-07-25 05:13:06,1.9167,34.7833,64.94,83,97,6.26
165,Henties Bay,NA,2021-07-25 05:13:06,-22.116,14.2845,67.73,23,0,19.39
166,Vila Franca Do Campo,PT,2021-07-25 05:13:07,37.7167,-25.4333,70.21,89,60,7.05
167,Esperance,AU,2021-07-25 05:11:06,-33.8667,121.9,61.12,64,73,20.96
168,Puerto Ayora,EC,2021-07-25 05:13:07,-0.7393,-90.3518,72.55,88,4,5.99
169,Faanui,PF,2021-07-25 05:13:07,-16.4833,-151.75,78.85,68,14,11.27
170,Severo-Kurilsk,RU,2021-07-25 05:13:08,50.6789,156.125,57.65,90,96,2.06
171,Atar,MR,2021-07-25 05:13:08,20.5169,-13.0499,84.34,41,88,8.93
172,Lavrentiya,RU,2021-07-25 05:13:09,65.5833,-171.0,45.3,98,100,11.03
173,Belle Fourche,US,2021-07-25 05:13:09,44.6714,-103.8522,77.65,50,7,5.26
174,Todos Santos,MX,2021-07-25 05:13:09,23.45,-110.2167,84.74,87,50,8.28
175,Tilichiki,RU,2021-07-25 05:13:10,60.4667,166.1,53.64,93,100,3.36
176,Saldanha,ZA,2021-07-25 05:13:10,-33.0117,17.9442,53.46,40,100,10.51
177,Cidreira,BR,2021-07-25 05:11:13,-30.1811,-50.2056,61.57,73,49,6.62
178,Charlestown,AU,2021-07-25 05:13:11,-32.95,151.6667,61.68,39,14,4.0
179,Chitrakonda,IN,2021-07-25 05:13:11,18.1167,82.0833,81.77,77,100,8.3
180,Amposta,ES,2021-07-25 05:13:12,40.7131,0.581,76.17,70,6,6.44
181,Butaritari,KI,2021-07-25 05:13:12,3.0707,172.7902,82.02,75,18,11.56
182,Rafai,CF,2021-07-25 05:13:12,4.95,23.9167,68.41,99,85,1.99
183,Nalut,LY,2021-07-25 05:13:13,30.3333,10.85,75.0,35,0,12.01
184,Puerto Madryn,AR,2021-07-25 05:12:18,-42.7692,-65.0385,45.7,44,100,15.5
185,Fonte Boa,BR,2021-07-25 05:13:13,-2.4959,-66.2662,71.17,98,100,2.33
186,Chokurdakh,RU,2021-07-25 05:13:14,70.6333,147.9167,54.46,44,79,14.0
187,Geraldton,AU,2021-07-25 05:13:14,-28.7667,114.6,67.12,55,2,3.44
188,Funtua,NG,2021-07-25 05:13:14,11.5233,7.3081,67.96,93,84,12.35
189,Barentu,ER,2021-07-25 05:13:15,15.1139,37.5928,68.58,86,77,6.6
190,Muroto,JP,2021-07-25 05:13:15,33.2833,134.15,80.47,76,100,10.49
191,Campbell River,CA,2021-07-25 05:13:15,50.0163,-125.2446,71.6,69,69,6.33
192,Belmonte,BR,2021-07-25 05:13:16,-15.8631,-38.8828,68.5,81,80,8.43
193,Jacqueville,CI,2021-07-25 05:13:16,5.2052,-4.4146,75.11,78,42,8.9
194,Salalah,OM,2021-07-25 05:13:17,17.0151,54.0924,78.89,94,90,10.36
195,Ahipara,NZ,2021-07-25 05:13:17,-35.1667,173.1667,58.28,82,100,17.2
196,Ribeira Grande,PT,2021-07-25 05:13:17,38.5167,-28.7,68.61,86,49,15.57
197,Urdoma,RU,2021-07-25 05:13:18,61.7533,48.5442,54.97,59,94,6.62
198,Stepnyak,KZ,2021-07-25 05:13:18,52.8339,70.7803,79.12,43,100,13.22
199,Sulangan,PH,2021-07-25 05:13:19,11.1373,123.7228,85.96,73,86,21.43
200,Conceicao Da Barra,BR,2021-07-25 05:13:19,-18.5933,-39.7322,66.83,71,19,2.46
201,Gelgaudiskis,LT,2021-07-25 05:13:19,55.0792,22.9758,62.53,71,0,6.46
202,Pevek,RU,2021-07-25 05:13:20,69.7008,170.3133,37.24,85,45,17.52
203,Opuwo,NA,2021-07-25 05:13:20,-18.0607,13.84,50.61,23,0,9.51
204,Sinnamary,GF,2021-07-25 05:13:21,5.3833,-52.95,76.87,87,99,7.94
205,Taksimo,RU,2021-07-25 05:13:21,56.3444,114.8794,75.02,46,99,4.76
206,Mar Del Plata,AR,2021-07-25 05:13:21,-38.0023,-57.5575,52.88,46,100,10.0
207,Bosaso,SO,2021-07-25 05:13:22,11.2842,49.1816,87.08,43,100,22.5
208,Saskylakh,RU,2021-07-25 05:13:22,71.9167,114.0833,70.81,53,97,6.31
209,Longyearbyen,SJ,2021-07-25 05:13:22,78.2186,15.6401,42.64,87,75,10.36
210,North Myrtle Beach,US,2021-07-25 05:12:28,33.816,-78.68,79.09,84,20,4.0
211,Cadereyta,MX,2021-07-25 05:13:23,25.5833,-99.9833,86.18,54,0,9.31
212,Talnakh,RU,2021-07-25 05:13:24,69.4865,88.3972,49.87,93,100,4.81
213,Padang,ID,2021-07-25 05:13:24,-0.9492,100.3543,86.05,63,28,5.46
214,Ambovombe,MG,2021-07-25 05:13:25,-25.1667,46.0833,64.17,60,87,13.44
215,Saint-Pierre,RE,2021-07-25 05:13:25,-21.3393,55.4781,71.24,88,90,10.36
216,Davila,PH,2021-07-25 05:13:26,18.4726,120.5763,82.4,86,95,27.65
217,Chirongui,YT,2021-07-25 05:13:26,-12.9319,45.1483,76.93,61,3,19.89
218,Saint-Joseph,RE,2021-07-25 05:13:26,-21.3667,55.6167,70.16,68,23,9.78
219,East London,ZA,2021-07-25 05:13:27,-33.0153,27.9116,51.48,37,0,8.08
220,Olafsvik,IS,2021-07-25 05:13:27,64.8945,-23.7142,49.95,82,98,13.4
221,Mataram,ID,2021-07-25 05:13:27,-8.5833,116.1167,85.01,54,18,8.14
222,Beringovskiy,RU,2021-07-25 05:13:28,63.05,179.3167,52.12,92,100,5.66
223,Sangar,RU,2021-07-25 05:13:28,63.9242,127.4739,79.45,36,4,14.52
224,Alta Floresta,BR,2021-07-25 05:13:29,-9.8756,-56.0861,68.9,54,30,2.84
225,Luderitz,NA,2021-07-25 05:13:29,-26.6481,15.1594,64.63,19,15,18.9
226,Pochutla,MX,2021-07-25 05:13:29,15.7432,-96.4661,78.82,88,93,4.25
227,Maragogi,BR,2021-07-25 05:13:30,-9.0122,-35.2225,73.9,84,41,14.18
228,Praia,CV,2021-07-25 05:13:30,14.9215,-23.5087,75.74,73,75,8.05
229,Ponta Do Sol,PT,2021-07-25 05:13:30,32.6667,-17.1,70.72,81,0,4.25
230,Muros,ES,2021-07-25 05:13:31,42.7762,-9.0603,62.24,94,88,4.61
231,Kaitangata,NZ,2021-07-25 05:13:31,-46.2817,169.8464,48.92,61,98,9.17
232,Ponta Delgada,PT,2021-07-25 05:13:32,37.7333,-25.6667,70.52,83,20,6.91
233,Kupang,ID,2021-07-25 05:13:32,-10.1667,123.5833,86.05,44,21,3.53
234,Aklavik,CA,2021-07-25 05:13:32,68.2191,-135.0107,60.51,73,86,7.96
235,Port Hueneme,US,2021-07-25 05:13:33,34.1478,-119.1951,76.89,88,90,8.05
236,Goias,BR,2021-07-25 05:13:33,-15.5807,-49.6362,61.02,45,0,3.36
237,Onega,RU,2021-07-25 05:13:34,63.9061,38.1404,54.09,66,92,9.66
238,Pangnirtung,CA,2021-07-25 05:13:34,66.1451,-65.7125,48.88,91,100,11.43
239,Verkhoyansk,RU,2021-07-25 05:13:34,67.5447,133.385,75.02,38,10,15.05
240,Shizunai,JP,2021-07-25 05:13:35,42.3339,142.3669,74.14,87,69,7.67
241,Woodstock,CA,2021-07-25 05:13:35,43.1334,-80.7497,70.81,96,66,8.99
242,Caravelas,BR,2021-07-25 05:13:35,-17.7125,-39.2481,71.98,57,36,5.97
243,San Carlos,VE,2021-07-25 05:13:36,9.6612,-68.5827,72.91,98,100,2.55
244,Zhanaozen,KZ,2021-07-25 05:13:36,43.3,52.8,86.22,36,22,17.67
245,Tasiilaq,GL,2021-07-25 05:13:37,65.6145,-37.6368,41.16,97,100,5.26
246,Steinbach,DE,2021-07-25 05:13:37,50.1667,8.5667,66.63,92,75,6.91
247,Mezhdurechensk,RU,2021-07-25 05:13:37,53.6942,88.0603,69.31,84,99,1.99
248,Paamiut,GL,2021-07-25 05:13:38,61.994,-49.6678,41.81,81,81,4.38
249,Saint George,US,2021-07-25 05:13:38,37.1041,-113.5841,82.63,59,1,1.01
250,Baracoa,CU,2021-07-25 05:13:39,20.3467,-74.4958,78.87,88,47,2.33
251,Solnechnyy,RU,2021-07-25 05:13:39,50.7214,136.6319,93.63,34,83,12.41
252,Santa Rosa,PH,2021-07-25 05:10:29,14.3122,121.1114,79.92,90,100,18.28
253,Saint-Louis,SN,2021-07-25 05:13:40,16.3333,-15.0,77.99,69,90,12.08
254,Fairbanks,US,2021-07-25 05:10:45,64.8378,-147.7164,67.6,58,1,1.99
255,Kavieng,PG,2021-07-25 05:13:40,-2.5744,150.7967,84.11,71,16,5.61
256,Ayaviri,PE,2021-07-25 05:13:40,-14.8864,-70.5889,40.1,51,3,0.45
257,Coihaique,CL,2021-07-25 05:13:41,-45.5752,-72.0662,33.75,86,0,5.75
258,Nagato,JP,2021-07-25 05:13:41,34.3833,131.2,83.19,65,100,7.99
259,Clyde River,CA,2021-07-25 05:13:42,70.4692,-68.5914,34.03,100,90,14.97
260,Aasiaat,GL,2021-07-25 05:13:42,68.7098,-52.8699,37.78,94,98,5.37
261,Kautokeino,NO,2021-07-25 05:13:42,69.0125,23.0412,51.57,84,100,3.83
262,Xunchang,CN,2021-07-25 05:13:43,28.4543,104.715,89.82,57,11,2.46
263,Hot Springs,US,2021-07-25 05:13:43,34.5037,-93.0552,81.36,82,1,3.0
264,Thonon-Les-Bains,FR,2021-07-25 05:13:44,46.25,6.5,60.26,96,100,1.14
265,Los Llanos De Aridane,ES,2021-07-25 05:13:44,28.6585,-17.9182,67.75,93,90,12.66
266,North Platte,US,2021-07-25 05:13:45,41.1239,-100.7654,74.01,82,1,1.01
267,Norman Wells,CA,2021-07-25 05:13:45,65.282,-126.8329,60.66,50,44,7.34
268,Meulaboh,ID,2021-07-25 05:13:45,4.1363,96.1285,85.78,62,76,3.98
269,Epe,NG,2021-07-25 05:13:46,6.5841,3.9834,72.18,89,17,3.51
270,Sao Filipe,CV,2021-07-25 05:13:46,14.8961,-24.4956,73.24,74,36,5.21
271,Guerrero Negro,MX,2021-07-25 05:13:46,27.9769,-114.0611,68.76,84,97,11.27
272,Quatre Cocos,MU,2021-07-25 05:13:47,-20.2078,57.7625,74.08,69,53,16.64
273,Lompoc,US,2021-07-25 05:13:45,34.6391,-120.4579,63.57,88,90,5.75
274,Ostrovnoy,RU,2021-07-25 05:13:47,68.0531,39.5131,45.93,89,100,21.23
275,Port-Gentil,GA,2021-07-25 05:13:48,-0.7193,8.7815,74.55,74,100,7.47
276,Great Yarmouth,GB,2021-07-25 05:13:48,52.6083,1.7305,63.55,95,100,3.89
277,Huangyan,CN,2021-07-25 05:13:48,28.6478,121.2594,78.31,84,100,22.73
278,Qarayeri,AZ,2021-07-25 05:13:49,40.7886,46.3066,77.88,73,75,9.22
279,Panzhihua,CN,2021-07-25 05:13:49,26.5851,101.7128,87.15,51,6,1.54
280,Biak,ID,2021-07-25 05:13:49,-0.9131,122.8766,82.17,66,81,10.58
281,Nome,US,2021-07-25 05:13:50,64.5011,-165.4064,50.07,87,90,10.36
282,Tiznit,MA,2021-07-25 05:13:50,29.5833,-9.5,77.34,49,17,1.32
283,Along,IN,2021-07-25 05:13:51,28.1667,94.7667,84.27,88,96,2.66
284,Asosa,ET,2021-07-25 05:13:51,10.0667,34.5333,58.77,98,100,1.99
285,Te Anau,NZ,2021-07-25 05:12:48,-45.4167,167.7167,49.68,76,100,3.62
286,Magistralnyy,RU,2021-07-25 05:13:52,56.1725,107.4458,82.56,31,30,10.11
287,Itoman,JP,2021-07-25 05:13:52,26.1247,127.6694,87.4,89,75,19.57
288,Watsa,CD,2021-07-25 05:13:52,3.0372,29.5355,64.09,97,78,1.52
289,Flin Flon,CA,2021-07-25 05:13:53,54.7682,-101.865,56.7,86,41,6.78
290,Rio Gallegos,AR,2021-07-25 05:13:53,-51.6226,-69.2181,37.45,75,75,11.5
291,Marfino,RU,2021-07-25 05:13:53,55.7028,37.3822,62.87,63,0,4.47
292,Coquimbo,CL,2021-07-25 05:13:54,-29.9533,-71.3436,49.73,87,0,8.05
293,Charters Towers,AU,2021-07-25 05:13:54,-20.1,146.2667,76.8,18,33,13.6
294,Ca Mau,VN,2021-07-25 05:13:54,9.1769,105.15,89.31,56,95,12.1
295,Mayo,US,2021-07-25 05:13:55,38.8876,-76.5119,77.99,74,20,1.01
296,Mnogovershinnyy,RU,2021-07-25 05:13:55,53.9353,139.9242,84.97,49,58,5.97
297,Westfield,US,2021-07-25 05:13:56,42.1251,-72.7495,70.18,84,1,6.91
298,Dalmatovo,RU,2021-07-25 05:13:56,56.26,62.9362,63.54,76,91,11.34
299,Ambon,ID,2021-07-25 05:13:56,-3.6954,128.1814,89.74,62,40,3.44
300,Sumkino,RU,2021-07-25 05:13:57,58.1108,68.3244,58.37,95,100,5.84
301,Sorland,NO,2021-07-25 05:13:58,67.667,12.6934,52.84,94,99,12.15
302,Bonfim,BR,2021-07-25 05:13:58,3.0833,-59.95,79.3,73,100,2.84
303,Kemijarvi,FI,2021-07-25 05:13:58,66.7131,27.4306,58.59,66,29,2.57
304,Sol-Iletsk,RU,2021-07-25 05:13:59,51.1631,54.9918,70.66,47,43,6.6
305,Kabul,AF,2021-07-25 05:09:37,34.5,69.4167,88.2,15,0,3.11
306,Douentza,ML,2021-07-25 05:13:59,14.9951,-2.9517,84.51,58,99,3.94
307,Lampazos De Naranjo,MX,2021-07-25 05:13:59,27.0167,-100.5167,84.65,42,2,11.81
308,Pontes E Lacerda,BR,2021-07-25 05:14:00,-15.2261,-59.3353,69.93,54,0,2.48
309,Svetlogorsk,BY,2021-07-25 05:14:00,52.6333,29.7333,67.1,74,90,2.21
310,Pauini,BR,2021-07-25 05:14:00,-7.7136,-66.9764,73.76,68,17,2.73
311,Nassjo,SE,2021-07-25 05:14:01,57.6531,14.6968,59.29,70,0,5.1
312,Coroata,BR,2021-07-25 05:14:01,-4.13,-44.1242,69.51,68,11,3.29
313,Parkes,AU,2021-07-25 05:14:02,-33.1333,148.1833,51.35,50,86,1.01
314,Leh,IN,2021-07-25 05:14:02,34.1667,77.5833,75.36,32,81,2.21
315,Karlstad,SE,2021-07-25 05:14:03,59.3793,13.5036,63.16,88,19,5.75
316,Huarmey,PE,2021-07-25 05:14:03,-10.0681,-78.1522,63.23,86,80,4.63
317,Xingcheng,CN,2021-07-25 05:14:03,40.6167,120.7167,84.87,65,83,14.72
318,Wawa,NG,2021-07-25 05:14:04,9.9022,4.4192,70.63,92,41,5.48
319,Livani,LV,2021-07-25 05:14:04,56.3543,26.1758,62.19,61,19,2.04
320,Buin,CL,2021-07-25 05:14:05,-33.7333,-70.75,51.73,86,81,0.29
321,Raga,SS,2021-07-25 05:14:05,8.4596,25.678,70.84,86,87,3.85
322,Eyl,SO,2021-07-25 05:14:05,7.9803,49.8164,80.55,54,93,27.81
323,Asyut,EG,2021-07-25 05:14:06,27.181,31.1837,81.28,46,0,7.61
324,Hami,CN,2021-07-25 05:14:06,42.8,93.45,98.37,12,94,5.82
325,Inirida,CO,2021-07-25 05:14:07,3.8653,-67.9239,72.25,99,100,2.08
326,Magog,CA,2021-07-25 05:13:22,45.2668,-72.1491,67.23,54,100,9.48
327,Alekseyevsk,RU,2021-07-25 05:14:07,57.8406,108.3492,85.32,31,10,7.38
328,Veraval,IN,2021-07-25 05:14:08,20.9,70.3667,81.64,86,100,22.06
329,Westport,US,2021-07-25 05:14:08,41.1415,-73.3579,75.97,87,1,8.01
330,Awbari,LY,2021-07-25 05:14:08,26.5921,12.7805,74.57,34,0,7.96
331,Parrita,CR,2021-07-25 05:14:09,9.5201,-84.3225,82.26,90,100,3.58
332,Aykhal,RU,2021-07-25 05:14:09,66.0,111.5,80.49,43,1,13.11
333,Mumbwa,ZM,2021-07-25 05:14:09,-14.9783,27.0619,49.66,83,3,9.19
334,Yelan-Kolenovskiy,RU,2021-07-25 05:14:10,51.1632,41.151,68.32,56,40,5.12
335,Labuhan,ID,2021-07-25 05:14:10,-6.8844,112.2051,88.02,51,4,5.21
336,Zlitan,LY,2021-07-25 05:14:11,32.4674,14.5687,75.18,68,0,9.89
337,Myaundzha,RU,2021-07-25 05:14:11,63.0494,147.1858,56.86,91,100,11.52
338,Redmond,US,2021-07-25 05:14:11,47.674,-122.1215,73.33,74,0,5.03
339,Kuala Terengganu,MY,2021-07-25 05:14:12,5.3302,103.1408,86.94,65,100,4.23
340,Oriximina,BR,2021-07-25 05:14:12,-1.7656,-55.8661,76.91,74,76,4.07
341,Kibala,TD,2021-07-25 05:14:13,9.1104,18.3463,70.68,96,100,4.07
342,Bambanglipuro,ID,2021-07-25 05:14:13,-7.95,110.2833,83.97,59,33,16.75
343,Hanamaki,JP,2021-07-25 05:14:14,39.3833,141.1167,85.6,63,38,6.2
344,Anito,PH,2021-07-25 05:14:14,12.4497,125.2886,90.82,57,100,14.0
345,Byron Bay,AU,2021-07-25 05:14:14,-28.65,153.6167,71.55,36,0,12.24
346,Asheville,US,2021-07-25 05:10:11,35.6009,-82.554,73.85,93,75,3.44
347,Nizhniy Odes,RU,2021-07-25 05:14:15,63.6445,54.856,45.27,95,100,8.28
348,Faya,SA,2021-07-25 05:14:15,18.3851,42.4509,66.72,64,37,3.33
349,Nanortalik,GL,2021-07-25 05:14:16,60.1432,-45.2371,41.61,97,92,9.37
350,Seydi,TM,2021-07-25 05:14:16,39.4816,62.9137,103.64,9,0,16.04
351,Porto Novo,BJ,2021-07-25 05:14:16,6.4965,2.6036,72.95,84,8,5.06
352,Chongwe,ZM,2021-07-25 05:14:17,-15.3292,28.682,48.94,81,8,8.08
353,Mazamet,FR,2021-07-25 05:14:17,43.49,2.373,65.66,91,90,3.44
354,Playas,EC,2021-07-25 05:14:17,-2.6333,-80.3833,70.3,86,97,10.67
355,Sur,OM,2021-07-25 05:14:18,22.5667,59.5289,93.83,51,46,7.18
356,Namibe,AO,2021-07-25 05:14:18,-15.1961,12.1522,66.87,53,0,6.33
357,Puerto Del Rosario,ES,2021-07-25 05:14:18,28.5004,-13.8627,71.35,73,13,11.5
358,Acapulco,MX,2021-07-25 05:10:58,16.8634,-99.8901,80.89,83,11,6.08
359,Homer,US,2021-07-25 05:09:31,59.6425,-151.5483,59.07,79,40,3.44
360,Praia Da Vitoria,PT,2021-07-25 05:14:19,38.7333,-27.0667,70.75,84,50,15.68
361,Pathein,MM,2021-07-25 05:14:20,16.7833,94.7333,86.58,72,89,14.79
362,Baiyin,CN,2021-07-25 05:14:20,36.5583,104.2081,72.97,62,76,17.92
363,Harper,LR,2021-07-25 05:14:20,4.375,-7.7169,74.37,76,95,4.61
364,Tyukhtet,RU,2021-07-25 05:14:21,56.5389,89.3011,80.51,46,81,3.6
365,Iquique,CL,2021-07-25 05:09:28,-20.2208,-70.1431,60.84,82,70,2.75
366,Lorengau,PG,2021-07-25 05:14:21,-2.0226,147.2712,83.7,69,64,3.76
367,Belyy Yar,RU,2021-07-25 05:14:22,53.6039,91.3903,75.09,73,0,4.47
368,Petropavlovsk-Kamchatskiy,RU,2021-07-25 05:14:22,53.0452,158.6483,70.39,68,20,13.42
369,Preobrazheniye,RU,2021-07-25 05:14:22,42.9019,133.9064,82.98,68,65,10.89
370,Bergama,TR,2021-07-25 05:14:23,39.1207,27.1805,76.32,66,13,16.44
371,Abu Samrah,SY,2021-07-25 05:14:23,35.3029,37.1841,78.87,58,0,4.92
372,Makakilo City,US,2021-07-25 05:11:23,21.3469,-158.0858,80.92,74,40,9.22
373,Ararat,AM,2021-07-25 05:14:24,39.8317,44.7049,77.34,49,0,4.54
374,Omsukchan,RU,2021-07-25 05:14:24,62.5333,155.8,56.32,82,100,7.02
375,Syrskoye,RU,2021-07-25 05:14:24,52.5744,39.4966,64.87,53,100,5.28
376,Husum,DE,2021-07-25 05:14:25,54.4858,9.0524,67.89,95,100,11.14
377,Bar Harbor,US,2021-07-25 05:14:25,44.3876,-68.2039,61.29,87,1,3.0
378,Leiyang,CN,2021-07-25 05:14:25,26.4024,112.8591,91.13,54,64,5.41
379,Svetlaya,RU,2021-07-25 05:14:26,46.5389,138.3297,77.36,76,72,13.76
380,Arman,RU,2021-07-25 05:14:26,59.7,150.1667,56.08,92,100,6.38
381,Maraa,BR,2021-07-25 05:11:14,-1.8333,-65.3667,72.28,97,100,2.66
382,Chifeng,CN,2021-07-25 05:14:27,42.2683,118.9636,86.79,50,96,13.18
383,Det Udom,TH,2021-07-25 05:14:27,14.906,105.0784,75.34,89,100,16.64
384,Mahibadhoo,MV,2021-07-25 05:14:27,3.7833,72.9667,81.79,78,98,8.57
385,Kodinar,IN,2021-07-25 05:14:28,20.7903,70.7031,82.83,82,100,22.37
386,Ewa Beach,US,2021-07-25 05:11:40,21.3156,-158.0072,82.35,74,40,17.0
387,Namatanai,PG,2021-07-25 05:14:28,-3.6667,152.4333,83.97,71,13,3.6
388,Pascagoula,US,2021-07-25 05:11:19,30.3658,-88.5561,80.06,94,1,0.0
389,Deltona,US,2021-07-25 05:14:29,28.9005,-81.2637,81.86,92,1,1.01
390,San Cristobal,VE,2021-07-25 05:14:29,7.7669,-72.225,66.83,98,100,3.56
391,Stromness,GB,2021-07-25 05:13:36,58.965,-3.296,55.65,92,31,15.41
392,San Isidro,PE,2021-07-25 05:14:30,-12.1167,-77.05,62.19,93,90,2.3
393,Banda Aceh,ID,2021-07-25 05:14:30,5.5577,95.3222,87.26,60,99,8.99
394,Tayshet,RU,2021-07-25 05:14:31,55.9342,98.0044,82.65,34,1,10.47
395,Havre-Saint-Pierre,CA,2021-07-25 05:14:31,50.2334,-63.5986,53.96,94,75,3.44
396,Yaan,NG,2021-07-25 05:14:31,7.3833,8.5667,68.88,96,54,4.41
397,Comarapa,BO,2021-07-25 05:14:32,-17.9,-64.4833,48.88,91,3,3.29
398,Jalu,LY,2021-07-25 05:14:32,29.0331,21.5482,76.71,42,0,5.93
399,Niteroi,BR,2021-07-25 05:14:33,-22.8833,-43.1036,64.58,88,0,2.3
400,Artyom,AZ,2021-07-25 05:14:33,40.4723,50.333,82.54,78,1,23.02
401,Rantepao,ID,2021-07-25 05:14:34,-2.9701,119.8978,82.26,47,57,5.21
402,Saurimo,AO,2021-07-25 05:14:34,-9.6608,20.3916,58.41,47,0,7.72
403,Paita,PE,2021-07-25 05:14:34,-5.0892,-81.1144,65.16,84,51,7.47
404,Yumen,CN,2021-07-25 05:14:35,40.2833,97.2,89.06,20,0,4.68
405,Usakos,NA,2021-07-25 05:14:35,-22.0,15.6,50.79,29,1,11.77
406,Mopipi,BW,2021-07-25 05:14:35,-21.1833,24.8833,45.57,71,0,13.2
407,Sandwick,GB,2021-07-25 05:14:36,60.0,-1.25,55.22,94,90,3.44
408,Rio Grande,BR,2021-07-25 05:14:36,-32.035,-52.0986,60.55,80,99,9.8
409,Waipawa,NZ,2021-07-25 05:14:36,-41.4122,175.5153,53.02,71,7,8.81
410,Lerwick,GB,2021-07-25 05:14:37,60.1545,-1.1494,55.4,79,99,8.08
411,Boyuibe,BO,2021-07-25 05:11:11,-20.4167,-63.2833,64.51,63,79,3.31
412,Ati,TD,2021-07-25 05:14:38,13.2154,18.3353,83.41,61,100,7.14
413,Sydney,AU,2021-07-25 05:11:29,-33.8679,151.2073,58.71,39,0,3.0
414,El Higo,MX,2021-07-25 05:14:38,21.7667,-98.4667,75.09,86,1,6.49
415,Aldan,RU,2021-07-25 05:14:39,58.6031,125.3894,68.92,62,95,8.81
416,Tahe,CN,2021-07-25 05:14:39,52.3333,124.7333,75.09,51,50,5.06
417,Dubrovytsya,UA,2021-07-25 05:14:40,51.5744,26.565,67.71,66,58,3.87
418,Saint-Michel-Des-Saints,CA,2021-07-25 05:14:40,46.6834,-73.9159,65.93,96,100,11.48
419,Malanje,AO,2021-07-25 05:14:40,-9.5402,16.341,57.42,38,0,4.09
420,Hohhot,CN,2021-07-25 05:14:41,40.8106,111.6522,80.46,52,100,13.33
421,Ngama,TD,2021-07-25 05:14:41,11.7833,17.1667,78.49,71,86,6.67
422,Almaznyy,RU,2021-07-25 05:14:41,48.0448,40.045,69.94,51,34,7.65
423,Chekhov,RU,2021-07-25 05:13:29,55.1431,37.4711,61.99,59,98,2.1
424,Beckley,US,2021-07-25 05:14:42,37.7782,-81.1882,71.28,90,20,4.61
425,Tuatapere,NZ,2021-07-25 05:14:42,-46.1333,167.6833,51.82,72,100,7.83
426,Roros,NO,2021-07-25 05:14:43,62.5747,11.3842,62.01,73,80,4.09
427,Saint Anthony,US,2021-07-25 05:14:43,45.0205,-93.218,74.89,55,1,3.44
428,Pacific Grove,US,2021-07-25 05:11:25,36.6177,-121.9166,63.63,90,90,1.01
429,Arlit,NE,2021-07-25 05:14:44,18.7369,7.3853,90.91,39,56,9.46
430,Ouagadougou,BF,2021-07-25 05:13:24,12.3642,-1.5383,76.82,73,47,7.61
431,Richards Bay,ZA,2021-07-25 05:14:45,-28.783,32.0377,52.9,75,19,3.78
432,Vestmanna,FO,2021-07-25 05:14:45,62.1564,-7.1664,49.12,100,90,5.75
433,Souillac,MU,2021-07-25 05:14:46,-20.5167,57.5167,74.35,68,40,12.66
434,Billings,US,2021-07-25 05:14:46,45.7833,-108.5007,82.17,17,1,5.75
435,La Ronge,CA,2021-07-25 05:14:47,55.1001,-105.2842,59.58,68,52,10.54
436,Tiarei,PF,2021-07-25 05:14:47,-17.5333,-149.3333,75.22,75,41,6.64
437,Puerto Escondido,MX,2021-07-25 05:14:48,15.85,-97.0667,81.77,82,100,5.55
438,Male,MV,2021-07-25 05:14:48,4.1748,73.5089,81.3,80,100,9.98
439,Tamworth,GB,2021-07-25 05:14:49,52.634,-1.6959,60.67,84,100,3.0
440,Siavonga,ZM,2021-07-25 05:14:49,-16.5382,28.7088,56.77,75,84,6.93
441,Celestun,MX,2021-07-25 05:14:50,20.8667,-90.4,79.5,88,45,10.04
442,Kuvshinovo,RU,2021-07-25 05:14:50,57.0295,34.1725,58.51,63,96,2.71
443,Magaria,NE,2021-07-25 05:14:50,12.9983,8.9099,74.52,84,29,8.95
444,Dunnville,CA,2021-07-25 05:11:48,42.9001,-79.6163,73.74,95,98,20.07
445,Pisco,PE,2021-07-25 05:14:51,-13.7,-76.2167,62.65,77,90,6.91
446,Touros,BR,2021-07-25 05:14:51,-5.1989,-35.4608,70.7,87,0,14.72
447,Basco,PH,2021-07-25 05:14:52,20.4487,121.9702,83.39,86,95,32.84
448,Polis,CY,2021-07-25 05:14:52,35.0367,32.4264,83.28,59,0,2.19
449,Zyryanka,RU,2021-07-25 05:14:52,65.75,150.85,61.25,79,100,4.23
450,Xichang,CN,2021-07-25 05:14:53,27.8964,102.2634,80.22,63,24,1.54
451,Barranca,PE,2021-07-25 05:14:53,-10.75,-77.7667,62.76,82,89,5.1
452,Romitan,UZ,2021-07-25 05:14:54,39.9343,64.3814,93.15,31,0,13.8
453,Debre Birhan,ET,2021-07-25 05:14:54,9.6833,39.5333,51.78,91,100,3.69
454,Ornskoldsvik,SE,2021-07-25 05:14:54,63.2909,18.7153,61.75,88,45,3.44
455,Kadaya,RU,2021-07-25 05:14:55,50.9327,119.2911,65.55,79,95,6.38
456,Katobu,ID,2021-07-25 05:14:55,-4.9408,122.5276,86.16,50,51,6.55
457,Flinders,AU,2021-07-25 05:14:56,-34.5833,150.8552,58.21,48,2,7.0
458,Ouallam,NE,2021-07-25 05:14:56,14.3188,2.0866,80.78,68,38,7.36
459,Hilton Head Island,US,2021-07-25 05:14:57,32.2163,-80.7526,79.99,77,20,0.0
460,Egvekinot,RU,2021-07-25 05:14:57,66.3167,-179.1667,50.92,83,100,2.86
461,Aswan,EG,2021-07-25 05:14:57,24.0934,32.907,88.3,23,0,8.52
462,Khonsa,IN,2021-07-25 05:14:58,27.0167,95.5667,76.46,90,91,2.37
463,Nelson Bay,AU,2021-07-25 05:14:58,-32.7167,152.15,60.3,43,4,5.01
464,Saint-Augustin,CA,2021-07-25 05:14:58,51.226,-58.6502,52.07,91,21,6.42
465,Toora-Khem,RU,2021-07-25 05:14:59,52.4675,96.11,79.97,48,100,1.28
466,Santa Maria,BR,2021-07-25 05:14:59,-29.6842,-53.8069,65.44,58,81,8.1
467,Were Ilu,ET,2021-07-25 05:15:00,10.6,39.4333,54.32,90,100,3.27
468,Tarime,TZ,2021-07-25 05:15:00,-1.35,34.3667,61.59,55,22,4.45
469,Minot,US,2021-07-25 05:15:00,48.2325,-101.2963,69.78,51,1,4.61
470,Nishihara,JP,2021-07-25 05:15:01,26.1842,127.7558,86.68,88,75,19.57
471,Berlevag,NO,2021-07-25 05:15:01,70.8578,29.0864,45.55,84,100,22.21
472,Mosquera,CO,2021-07-25 05:15:02,4.7059,-74.2302,51.89,93,75,0.0
473,Constantine,DZ,2021-07-25 05:15:02,36.365,6.6147,82.35,25,25,5.7
474,Rolla,US,2021-07-25 05:10:30,37.9514,-91.7713,80.22,86,1,1.99
475,Ambunti,PG,2021-07-25 05:15:02,-4.2365,142.8448,73.13,98,100,5.95
476,Mombetsu,JP,2021-07-25 05:15:03,44.3525,143.3525,77.79,75,100,7.23
477,Valdepenas,ES,2021-07-25 05:15:03,38.7621,-3.3848,66.97,30,54,3.94
478,Kushiro,JP,2021-07-25 05:15:04,42.975,144.3747,72.55,94,75,10.36
479,Nurota,UZ,2021-07-25 05:15:04,40.5614,65.6886,98.69,11,0,18.86
480,Bardiyah,LY,2021-07-25 05:15:04,31.7561,25.0865,78.04,59,0,18.59
481,Miraflores,MX,2021-07-25 05:15:05,19.2167,-98.8083,62.02,80,55,3.29
482,Marystown,CA,2021-07-25 05:15:05,47.1666,-55.1483,51.94,94,30,6.38
483,Korla,CN,2021-07-25 05:15:06,41.7597,86.1469,96.17,18,0,15.93
484,Manokwari,ID,2021-07-25 05:15:06,-0.8667,134.0833,82.0,72,99,9.37
485,Albina,SR,2021-07-25 05:15:06,5.5,-54.05,73.22,98,100,2.33
486,Leua,SK,2021-07-25 05:15:07,48.2156,18.6071,68.5,64,58,7.0
487,Bilma,NE,2021-07-25 05:15:07,18.6853,12.9164,86.02,49,71,5.97
488,Torbay,CA,2021-07-25 05:15:08,47.6666,-52.7314,58.57,92,43,4.0
489,Prince Rupert,CA,2021-07-25 05:11:22,54.3161,-130.3201,56.41,85,79,0.54
490,Gat,IL,2021-07-25 05:14:01,31.61,34.7642,79.92,100,51,1.83
491,Zhuanghe,CN,2021-07-25 05:15:08,39.7008,122.9911,83.64,64,34,6.58
492,Sabang,ID,2021-07-25 05:15:09,5.8933,95.3214,83.66,70,100,11.41
493,Rizhao,CN,2021-07-25 05:15:09,35.4275,119.4553,82.76,73,100,11.74
494,Roma,US,2021-07-25 05:15:09,43.2128,-75.4557,75.43,81,90,0.0
495,Tjome,NO,2021-07-25 05:15:10,59.1109,10.3933,63.28,74,0,5.75
496,Wajima,JP,2021-07-25 05:15:10,37.4,136.9,84.02,69,4,5.99
497,Ribeira Brava,PT,2021-07-25 05:15:11,32.65,-17.0667,70.72,82,0,4.34
498,Sisimiut,GL,2021-07-25 05:15:11,66.9395,-53.6735,39.72,91,100,5.82
499,Josanicka Banja,RS,2021-07-25 05:15:11,43.3895,20.7503,54.7,69,6,3.98
500,Northam,GB,2021-07-25 05:15:12,51.0333,-4.2167,62.38,93,98,5.68
501,Port Moresby,PG,2021-07-25 05:15:12,-9.4431,147.1797,80.38,85,51,15.1
502,Ouangani,YT,2021-07-25 05:15:12,-12.8464,45.1361,75.72,73,20,19.57
503,Naica,MX,2021-07-25 05:15:13,27.85,-105.4833,78.53,42,99,11.05
504,Codrington,AU,2021-07-25 05:15:13,-38.2667,141.9667,47.75,89,100,12.08
505,Pangody,RU,2021-07-25 05:15:13,65.85,74.4859,62.62,67,99,5.08
506,Viedma,AR,2021-07-25 05:15:14,-40.8135,-62.9967,39.65,89,44,4.29
507,Marienburg,PL,2021-07-25 05:15:14,54.0359,19.0266,67.66,72,97,5.32
508,Zarate,AR,2021-07-25 05:10:18,-34.0981,-59.0286,61.2,99,98,1.7
509,Amasia,TR,2021-07-25 05:15:15,40.6533,35.8331,67.73,65,0,2.19
510,Rincon,US,2021-07-25 05:15:15,32.296,-81.2354,79.86,93,1,5.75
511,Seddon,AU,2021-07-25 05:15:16,-37.8068,144.8916,55.71,60,75,7.0
512,Huilong,CN,2021-07-25 05:15:16,31.8111,121.655,80.04,92,100,41.05
513,Alpena,US,2021-07-25 05:15:17,45.0617,-83.4327,70.12,88,40,5.75
514,Yar-Sale,RU,2021-07-25 05:15:17,66.8333,70.8333,64.76,57,27,15.41
515,Port Macquarie,AU,2021-07-25 05:15:17,-31.4333,152.9167,63.9,40,24,15.99
516,Maceio,BR,2021-07-25 05:10:40,-9.6658,-35.7353,74.64,83,75,8.05
517,Zaysan,KZ,2021-07-25 05:15:18,47.4667,84.8667,86.13,27,0,13.18
518,Baiquan,CN,2021-07-25 05:15:18,47.5833,126.0833,80.62,71,100,9.69
519,Galesong,ID,2021-07-25 05:15:18,-5.3166,119.3661,87.82,52,6,5.44
520,Vanimo,PG,2021-07-25 05:15:19,-2.6741,141.3028,72.95,91,100,8.16
521,Bubaque,GW,2021-07-25 05:15:19,11.2833,-15.8333,77.99,86,100,11.72
522,Castanos,MX,2021-07-25 05:15:20,26.7833,-101.4167,82.35,53,0,11.72
523,Turayf,SA,2021-07-25 05:15:20,31.6725,38.6637,80.83,46,0,7.7
524,Mandalgovi,MN,2021-07-25 05:15:20,45.7625,106.2708,66.69,63,100,6.82
525,Buchanan,LR,2021-07-25 05:15:21,5.8808,-10.0467,71.56,76,100,5.57
526,Honningsvag,NO,2021-07-25 05:15:21,70.9821,25.9704,45.37,79,100,18.41
527,Leningradskiy,RU,2021-07-25 05:15:22,69.3833,178.4167,35.85,95,100,6.08
528,Bonavista,CA,2021-07-25 05:15:22,48.6499,-53.1147,59.11,97,100,15.5
529,Portland,US,2021-07-25 05:12:49,45.5234,-122.6762,78.78,58,1,1.01
530,Alcaniz,ES,2021-07-25 05:15:22,41.05,-0.1333,70.74,59,22,6.67
531,Kedrovyy,RU,2021-07-25 05:15:23,56.1667,91.8167,75.61,42,74,8.12
532,Lund,SE,2021-07-25 05:15:23,55.7058,13.1932,66.72,79,97,15.61
533,Tura,IN,2021-07-25 05:15:23,25.5198,90.2201,83.82,76,96,6.69
534,Vestmannaeyjar,IS,2021-07-25 05:15:24,63.4427,-20.2734,50.99,82,71,9.19
535,Sobolevo,RU,2021-07-25 05:15:24,54.4299,31.8996,62.37,69,0,4.05
536,Voh,NC,2021-07-25 05:15:25,-20.9667,164.7,76.01,67,0,7.87
537,Katsuura,JP,2021-07-25 05:15:25,35.1333,140.3,89.71,71,1,13.56
538,Ust-Kulom,RU,2021-07-25 05:15:25,61.6864,53.6902,56.08,54,73,10.38
539,Poum,NC,2021-07-25 05:15:26,-20.2333,164.0167,74.17,75,10,13.58
540,Mulchen,CL,2021-07-25 05:15:26,-37.7167,-72.2333,50.04,74,100,11.01
541,Melilla,ES,2021-07-25 05:15:26,35.2937,-2.9383,80.98,29,20,13.8
542,Sosnovo-Ozerskoye,RU,2021-07-25 05:15:27,52.5249,111.5418,68.94,49,34,12.12
543,Aitape,PG,2021-07-25 05:15:27,-3.1374,142.3475,73.99,93,100,12.55
544,Taunggyi,MM,2021-07-25 05:15:27,20.7833,97.0333,71.08,77,100,4.47
545,Balakhta,RU,2021-07-25 05:15:28,55.38,91.6,76.8,58,13,2.21
546,Vite,IN,2021-07-25 05:15:28,17.2833,74.55,75.67,81,100,17.9
547,Dharchula,IN,2021-07-25 05:15:28,29.85,80.5333,79.83,88,100,2.95
548,Yulara,AU,2021-07-25 05:15:29,-25.2406,130.9889,66.04,26,85,4.61
549,Glasgow,GB,2021-07-25 05:15:29,55.8652,-4.2576,61.0,83,90,1.99
550,Vao,NC,2021-07-25 05:15:30,-22.6667,167.4833,72.27,78,6,12.28
551,Naryan-Mar,RU,2021-07-25 05:15:30,67.6713,53.087,45.91,93,100,12.06
552,San Ramon,US,2021-07-25 05:10:48,37.7799,-121.978,72.25,70,1,8.99
553,Khorramshahr,IR,2021-07-25 05:15:31,30.4397,48.1664,107.62,11,6,12.08
554,Christchurch,NZ,2021-07-25 05:11:32,-43.5333,172.6333,54.48,73,76,5.99
555,Lodi,US,2021-07-25 05:13:42,38.1302,-121.2725,88.54,45,10,3.0
556,Ndende,GA,2021-07-25 05:15:31,-2.4008,11.3581,67.86,88,56,2.55
557,Sambava,MG,2021-07-25 05:15:32,-14.2667,50.1667,69.67,82,99,15.08
558,Puerto Montt,CL,2021-07-25 05:14:30,-41.4698,-72.9447,43.63,100,90,0.0
559,Moindou,NC,2021-07-25 05:15:32,-21.6924,165.677,75.15,71,0,9.28
560,Santa Cruz,BO,2021-07-25 05:12:06,-17.8,-63.1667,67.46,88,0,6.91
561,Alice Springs,AU,2021-07-25 05:11:27,-23.7,133.8833,67.55,22,66,8.05
562,Quito,EC,2021-07-25 05:15:33,-0.2299,-78.5249,49.15,95,88,0.65
563,Waingapu,ID,2021-07-25 05:15:33,-9.6567,120.2641,85.82,48,64,12.3
564,Karaton,ID,2021-07-25 05:15:34,-6.3424,106.1045,87.96,49,3,1.54
